id;pro_nbr;pro_name;pro_short_name;pro_status_cd;pro_type_cd;pro_group_cd;pro_license_nbr;pro_license_status_cd;pro_address_1;pro_address_2;pro_city;pro_state_cd;pro_zip
1;structure bus Tools;monetize Avon Platinum;haptic Industrial;Dynamic Mouse Home Loan Accoun;Mouse;Paradigm Proactive;Communications;global bandwidth Developer;Granite;indexing background Rustic;Skyway;auxiliary transparent magenta;35490
2;COM;International well-modulated;Metal Fantastic;dynamic Mobility;Fresh Iowa;Orchestrator Practical Health;sticky HTTP Swiss Franc;ivory olive Lek;withdrawal;Rustic Dominica;payment SMTP;Arizona Chair overriding;6056
3;Incredible Fantastic Cotton Ch;Avon;access Burundi Franc Belize;Cloned French Guiana;bypass Suriname;navigate;Assistant HTTP;Fantastic Gloves;purple;Coordinator neural;Concrete HTTP program;white;96176
4;Auto Loan Account;Data withdrawal;Money Market Account multi-byte paradigms;reboot;Chief;Concrete Wisconsin;global capacitor;Pants;copying innovative Associate;Cambridgeshire;neural payment action-items;matrix recontextualize THX;79263
5;Expressway users;engage Licensed Cotton Hat Buc;International payment Nuevo Sol;synergize Dynamic;Tonga;navigating;secondary Planner;Peso Uruguayo Uruguay Peso en Unidades Indexadas;Unbranded Fresh Pizza upward-trending one-to-one;SSL Dynamic capacitor;internet solution out-of-the-box Electronics;COM Palladium;47824
6;Branch Books;innovative;Credit Card Account;Fantastic Plastic Cheese magen;Planner Walk Engineer;circuit;transmitting Auto Loan Account;SMTP THX;content info-mediaries;Handmade Steel Hat;Bhutan withdrawal;digital Handmade Electronics;38073
7;holistic Saint Pierre and Miqu;Savings Account Money Market A;microchip Intelligent Wooden Mouse withdrawal;Accounts matrix Program;Avon Internal New Mexico;Yen Orchestrator process improvement;system index HTTP;AGP;stable feed;Executive;Shoes parsing enhance;generate Licensed Fresh Ball Cheese;98560
8;bandwidth;invoice;Berkshire;white;indigo;generate Pizza;blue copy;Factors;global Automotive compressing;copy eyeballs parse;Persevering Hat;Berkshire;38459
9;Future Tanzania client-driven;Auto Loan Account Home Loan Ac;Corporate SAS;Bedfordshire;success;Movies collaboration;Bedfordshire Personal Loan Account indexing;Garden Borders;Manor;Keyboard Sudan;Checking Account;back up virtual Auto Loan Account;1685
10;RAM Home Loan Account;Industrial Web;wireless;Beauty purple transform;invoice;withdrawal;e-services Rustic Frozen Chicken;deposit;Officer;Buckinghamshire;Norfolk Island;Adaptive;61594
